ID001,Mammal,ACGTACGTACGT
ID002,Reptile,GGCCTTAAGGCCTT
ID003,Bird,TTTTTGGGGGGAAAAA
ID004,Fish,ACGACGACGACG
ID005,Amphibian,AGAGAGAGAGAG
ID006,Insect,GGGGGGG
ID007,Plant,AAAAATTTTTT
ID008,Fungus,GGGCCC
ID009,Bacteria,GATCCTAGATCCTA
ID010,Mammal,GCTAGCTAGCTAGCTAGCTAGCTAGCTAGCTAGCTAGCTAGCTAGCTAGCTAGCTA
ID011,Reptile,AAAAAAAAAAAAAAAAAAAA
ID012,Bird,CCCCCCCCCCCCCCCCCCCC
ID013,Fish,GGGGGGGGGGGGGGGGGGGG
ID014,Amphibian,TTTTTTTTTTTTTTTTTTTT
ID015,Insect,GACTACT
ID016,Plant,GGGAAATTTCCC
ID017,Fungus,AAGGTTCC
ID018,Bacteria,GACT
ID019,Mammal,ACGTACGTTGCA
ID020,Reptile,GAGAGAGAGAGAGAGAGAGAGAGAGAGAGAGAGAGAGAGAGAGAGAGAGAGAGAGAGAGAGAGAGAGAGAGAGAGAGAGAGAGAGAGAGAGAGAGAGAGAGAGAGAGAGAGAGAGAGAGAGAGAGAGAGAGAGAGAGAGAGAGAGAGAGAGAGAGAGAGAGAGAGAGAGAGAGAGAGAGAGAGAGAGAGAGAGAGAGAGAGAGAGAGAGAGAGAGAGAGAGAGAGAGAGAGAGAGAGAGAGAGAGAGAGAGAGAGAGAGAGAGAGAGAGAGAGAGAGAGAGAGAGAGAGAGAGAGAGAGAGAGAGAGAGAGAGAGAGAGAGAGAGAGAGAGAGAGAGAGAGAGAGAGAGAGAGAGAGAGAGAGAGAGAGAGAGAGAGAGAGAGAGAGAGAGAGAGAGAGAGAGAGAGAGAGAGAGAGAGAGAGAGAGAGAGAGAGAGAGAGAGAGAGAGAGAGAGAGAGAGAGAGAGAGAGAGAGAGAGAGAGAGAGAGAGAGAGAGAGAGAGAGAGAGAGAGAGAGAGAGAGAGAGAGAGAGAGAGAGAGAGAGAGAGAGAGAGAGAGAGAGAGAGAGAGAGAGAGAGAGAGAGAGAGAGAGAGAGAGAGAGAGAGAGAGAGAGAGAGAGAGAGAGAGAGAGAGAGAGAGAGAGAGAGAGAGAGAGAGAGAGAGAGAGAGAGAGAGAGAGAGAGAGAGAGAGAGAGAGAGAGAGAGAGAGAGAGAGAGAGAGAGAGAGAGAGAGAGAGAGAGAGAGAGAGAGAGAGAGAGAGAGAGAGAGAGAGAGAGAGAGAGAGAGAGAGAGAGAGAGAGAGAGAGAGAGAGAGAGAGAGAGAGAGAGAGAGAGAGAGAGAGAGAGAGAGAGAGAGAGAGAGAGAGAGAGAGAGAGAGAGAGAGAGAGAGAGAGAGAGAGAGAGAGAGAGAGAGAGAGAGAGAGAGAGAGAGAGAGAGAGAGAGAGAGAGAGAGAGAGAGAGAGAGAGAGAGAGAGAGAGAGAGAGAGAGAGAGAGAGAGAGAGAGAGAGAGAGAGAGAGAGAGAGAGAGAGAGAGAGAGAGAGAGAGAGAGAGAGAGAGAGAGAGAGAGAGAGAGAGAGAGAGAGAGAGAGAGAGAGAGAGAGAGAGAGAGAGAGAGAGAGAGAGAGAGAGAGAGAGAGAGAGAGAGAGAGAGAGAGAGAGAGAGAGAGAGAGAGAGAGAGAGAGAGAGAGAGAGAGAGAGAGAGAGAGAGAGAGAGAGAGAGAGAGAGAGAGAGAGAGAGAGAGAGAGAGAGAGAGAGAGAGAGAGAGAGAGAGAGAGAGAGAGAGAGAGAGAGAGAGAGAGAGAGAGAGAGAGAGAGAGAGAGAGAGAGAGAGAGAGAGAGAGAGAGAGAGAGAGAGAGAGAGAGAGAGAGAGAGAGAGAGAGAGAGAGAGAGAGAGAGAGAGAGAGAGAGAGAGAGAGAGAGAGAGAGAGAGAGAGAGAGAGAGAGAGAGAGAGAGAGAGAGAGAGAGAGAGAGAGAGAGAGAGAGAGAGAGAGAGAGAGAGAGAGAGAGAGAGAGAGAGAGAGAGAGAGAGAGAGAGAGAGAGAGAGAGAGAGAGAGAGAGAGAGAGAGAGAGAGAGAGAGAGAGAGAGAGAGAGAGAGAGAGAGAGAGAGAGAGAGAGAGAGAGAGAGAGAGAGAGAGAGAGAGAGAGAGAGAGAGAGAGAGAGAGAGAGAGAGAGAGAGAGAGAGAGAGAGAGAGAGAGAGAGAGAGAGAGAGAGAGAGAGAGAGAGAGAGAGAGAGAGAGAGAGAGAGAGAGAGAGAGAGAGAGAGAGAGAGAGAGAGAGAGAGAGAGAGAGAGAGAGAGAGAGAGAGAGAGAGAGAGAGAGAGAGAGAGAGAGAGAGAGAGAGAGAGAGAGAGAGAGAGAGAGAGAGAGAGAGAGAGAGAGAGAGAGAGAGGA
ID021,Bird,GACTAGCTAGCTAGCATGCTAGCTAGCTAGCTAGCATGCTAGCTAGCTAGCTAGCATGCTAGCTAGCTAGCTAGCAT
ID022,Fish,GATTACA
ID023,Amphibian,AAGGTTCCGGTTAA
ID024,Insect,GCGCGCGCGCGCGCGCGCGC
ID025,Mammal,ATATATATATATATATATATATATATATATATATATATATATATATATATATATATATATATATATATATATATATATATATATATATATATATAT
ID026,Reptile,GGCCAATTGGCCAATT
ID027,Bird,AAGGTTCCGGTTAA
ID028,Fish,GACT
ID029,Amphibian,GGGAAATTTCCC
ID030,Insect,ACGT
ID031,Plant,GGGGGGGGGGGGGGGGGGGGGGGGGGGGGGGGGGGGGGGGGGGGGGGGGGGGGG
ID032,Fungus,AATTCCGG
ID033,Bacteria,TTAATTAATTAA
ID034,Mammal,AGCTAGCTAGCT
ID035,Reptile,GGCGCCGGCGCCGGCGCCGGCGCCGGCGCCGGCGCCGGCGCCGGCGCC
ID036,Bird,GACTAGCTAGCTAGCATGCTAGCTAGCTAGCTAGCATGCTAGCTAGCTAGCTAGCATGCTAGCTAGCTAGCTAGCAT
ID037,Fish,GGGCCCTTT
ID038,Amphibian,AATTGGCC
ID039,Insect,GACT
ID040,Mammal,GGGGGGGGGGTTTTTTTTTTCCCCCCCCCCAAAAAAAAAAAGGGGGGGGGGTTTTTTTTTTCCCCCCCCCCAAAAAAAAAAAGGGGGGGGGGTTTTTTTTTTCCCCCCCCCCAAAAAAAAAAAGGGGGGGGGGTTTTTTTTTTCCCCCCCCCCAAAAAAAAAAAGGGGGGGGGGTTTTTTTTTTCCCCCCCCCCAAAAAAAAAAAGGGGGGGGGGTTTTTTTTTTCCCCCCCCCCAAAAAAAAAAAGGGGGGGGGGTTTTTTTTTTCCCCCCCCCCAAAAAAAAAAAGGGGGGGGGGTTTTTTTTTTCCCCCCCCCCAAAAAAAAAAAGGGGGGGGGGTTTTTTTTTTCCCCCCCCCCAAAAAAAAAAAGGGGGGGGGGTTTTTTTTTTCCCCCCCCCCAAAAAAAAAAAGGGGGGGGGGTTTTTTTTTTCCCCCCCCCCAAAAAAAAAAAGGGGGGGGGGTTTTTTTTTTCCCCCCCCCCAAAAAAAAAAAGGGGGGGGGGTTTTTTTTTTCCCCCCCCCCAAAAAAAAAAAGGGGGGGGGGTTTTTTTTTTCCCCCCCCCCAAAAAAAAAAAGGGGGGGGGGTTTTTTTTTTCCCCCCCCCCAAAAAAAAAAAGGGGGGGGGGTTTTTTTTTTCCCCCCCCCCAAAAAAAAAAA
ID041,Reptile,GATTACA
ID042,Bird,AAATTTGGGCCC
ID043,Fish,ACGT
ID044,Amphibian,AAGGTTCCGGTTAA
ID045,Insect,GGGTTTAAA
ID046,Plant,ACGTACGTACGT
ID047,Fungus,GGCCTTAAGGCCTT
ID048,Bacteria,TTTTTGGGGGGAAAAA
ID049,Mammal,ACGACGACGACG
ID050,Reptile,ATATATATATATATATATATATATATATATATATATATATATATATATATATATATATATATATATATATATATATATATATATATATATATATATATATATATATATATATATATATATATATATATATATATATATATATATATATATATATATATATATATATATATATATATATATATATATATATATATATATATATATATATATATATATATATATATATATATATATATATATATATATATATATATATATATATATATATATATATATATATATATATATATATATATATATATATATATATATATATATATATATATATATATATATATATATATATATATATATATATATATATATATATATATATATATATATATATATATATATATATATATATATATATATATATATATATATATATATATATATATATATATATATATATATATATATATATATATATATATATATATATATATATATATATATATATATATATATATATATATATATATATATATATATATATATATATATATATATATATATATATATATATATATATATATATATATATATATATATATATATATATATATATATATATATATATATATATATATATATATATATATATATATATATATATATATATATATATATATATATATATATATATATATATATATATATATATATATATATATATATATATATATATATATATATATATATATATATATATATATATATATATATATATATATATATATATATATATATATATATATATATATATATATATATATATATATATATATATATATATATATATATATATATATATATATATATATATATATATATATATATATATATATATATATATATATATATATATATATATATATATATATATATATATATATATATATATATATATATATATATATATATATATATATATATATATATATATATATATATATATATATATATATATATATATATATATATATATATATATATATATATATATATATATATATATATATATATATATATATATATATATATATATATATATATATATATATATATATATATATATATATATATATATATATATATATATATATATATATATATATATATATATATATATATATATATATATATATATATATATATATATATATATATATATATATATATATATATATATATATATATATATATATATATATATATATATATATATATATATATATATATATATATATATATATATATATATATATATATATATATATATATATATATATATATATATATATATATATATATATATATATATATATATATATATATATATATATATATATATATATATATATATATATATATATATATATATATATATATATATATATATATATATATATATATATATATATATATATATATATATATATATATATATATATATATATATATATATATATATATATATATATATATATATATATATATATATATATATATATATATATATATATATATATATATATATATATATATATATATATATATATATATATATATATATATATATATATATATATATATATATATATATATATATATATATATATATATATATATATATATATATATATATATATATATATATATATATATATATATATATATATATATATATATATATATATATATATATATATATATATATATATATATATATATATATATATATATATATATATATATATATATATATATATATATATATATATATATATATATATATATATATATATATATATATATATATATATATATATATATATATATATATATATATATATATATATATATATATATATATATATATATATATATATATATATATATATATATATATATATATATATATATATATATATATATATATATATATATATATATATATATATATATATATATATATATATATATATATATATATATATATATATATATATATATATATATATATATATATATATATAT
ID051,Bird,AGAGAGAGAGAG
ID052,Fish,GGGGGGG
ID053,Amphibian,AAAAATTTTTT
ID054,Insect,GGGCCC
ID055,Plant,GATCCTAGATCCTA
ID056,Fungus,GCTAGCTAGCTAGCTAGCTAGCTAGCTAGCTAGCTAGCTAGCTAGCTAGCTAGCTA
ID0Type,Mammal,AAAAAAAAAAAAAAAAAAAA
ID058,Bacteria,CCCCCCCCCCCCCCCCCCCC
ID059,Mammal,GGGGGGGGGGGGGGGGGGGG
ID060,Reptile,TTT
ID061,Bird,GACTACT
ID062,Fish,GGGAAATTTCCC
ID063,Amphibian,AAGGTTCC
ID064,Insect,GACT
ID065,Plant,ACGTACGTTGCA
ID066,Fungus,Gattacca
ID067,Bacteria,GACTAGCTAGCTAGCATGCTAGCTAGCTAGCTAGCATGCTAGCTAGCTAGCTAGCATGCTAGCTAGCTAGCTAGCAT
ID068,Mammal,GATTACA
ID069,Reptile,AAGGTTCCGGTTAA
ID070,Bird,GCGCGCGCGCGCGCGCGCGC
ID071,Fish,GGCCAATTGGCCAATT
ID072,Amphibian,AAGGTTCCGGTTAA
ID073,Insect,GACT
ID074,Plant,GGGAAATTTCCC
ID075,Fungus,ACGT
ID076,Bacteria,GGGGGGGGGGGGGGGGGGGGGGGGGGGGGGGGGGGGGGGGGGGGGGGGGGGGGG
ID077,Mammal,AATTCCGG
ID078,Reptile,TTAATTAATTAA
ID079,Bird,AGCTAGCTAGCT
ID080,Fish,GACTAGCTAGCTAGCATGCTAGCTAGCTAGCTAGCATGCTAGCTAGCTAGCTAGCATGCTAGCTAGCTAGCTAGCAT
ID081,Amphibian,GGGCCCTTT
ID082,Insect,AATTGGCC
ID083,Plant,GACT
ID084,Fungus,GATTACA
ID085,Bacteria,AAATTTGGGCCC
ID086,Mammal,ACGT
ID087,Reptile,AAGGTTCCGGTTAA
ID088,Bird,GGGTTTAAA
ID089,Fish,ACGTACGTACGT
ID090,Amphibian,GGCCTTAAGGCCTT
ID091,Insect,TTTTTGGGGGGAAAAA
ID092,Plant,ACGACGACGACG
ID093,Fungus,AGAGAGAGAGAG
ID094,Bacteria,GGGGGGG
ID095,Mammal,AAAAATTTTTT
ID096,Reptile,GGGCCC
ID097,Bird,GATCCTAGATCCTA
ID098,Fish,GCTAGCTAGCTAGCTAGCTAGCTAGCTAGCTAGCTAGCTAGCTAGCTAGCTAGCTA
ID099,Amphibian,AAAAAAAAAAAAAAAAAAAA
ID100,Fungus,CCCCCCCCCCCCCCCCCCCC
ID101,Mammal,GGGGGGGGGGGGGGGGGGGG
ID102,Reptile,TTTTTTTTTTTTTTTTTTTT
ID103,Bird,GACTACT
ID104,Fish,GGGAAATTTCCC
ID105,Amphibian,AAGGTTCC
ID106,Insect,GACT
ID107,Plant,ACGTACGTTGCA
ID109,Bacteria,GACTAGCTAGCTAGCATGCTAGCTAGCTAGCTAGCATGCTAGCTAGCTAGCTAGCATGCTAGCTAGCTAGCTAGCAT
ID110,Mammal,GATTACA
ID111,Reptile,AAGGTTCCGGTTAA
ID112,Bird,GCGCGCGCGCGCGCGCGCGC
ID113,Fish,ATATATATATATATATATATATATATATATATATATATATATATATATATATATATATATATATATATATATATATATATATATATATATATATAT
ID114,Amphibian,GGCCAATTGGCCAATT
ID115,Insect,AAGGTTCCGGTTAA
ID116,Plant,GACT
ID117,Fungus,GGGAAATTTCCC
ID118,Bacteria,ACGT
ID119,Mammal,GGGGGGGGGGGGGGGGGGGGGGGGGGGGGGGGGGGGGGGGGGGGGGGGGGGGGG
ID120,Reptile,AATTCCGG
ID121,Bird,TTAATTAATTAA
ID122,Fish,AGCTAGCTAGCT
ID123,Amphibian,GACTAGCTAGCTAGCATGCTAGCTAGCTAGCTAGCATGCTAGCTAGCTAGCTAGCATGCTAGCTAGCTAGCTAGCAT
ID124,Insect,GGGCCCTTT
ID125,Plant,AATTGGCC
ID126,Fungus,GACT
ID127,Bacteria,GATTACA
ID128,Mammal,AAATTTGGGCCC
ID129,Reptile,ACGT
ID130,Bird,AAGGTTCCGGTTAA
ID131,Fish,GGGTTTAAA
ID132,Amphibian,ACGTACGTACGT
ID133,Insect,GGCCTTAAGGCCTT
ID134,Plant,TTTTTGGGGGGAAAAA
ID135,Fungus,ACGACGACGACG
ID136,Bacteria,AGAGAGAGAGAG
ID137,Mammal,GGGGGGG
ID138,Reptile,AAAAATTTTTT
ID139,Bird,GGGCCC
ID140,Fish,GATCCTAGATCCTA
ID141,Amphibian,GCTAGCTAGCTAGCTAGCTAGCTAGCTAGCTAGCTAGCTAGCTAGCTAGCTAGCTA
ID142,Insect,AAAAAAAAAAAAAAAAAAAA
ID143,Plant,CCCCCCCCCCCCCCCCCCCC
ID144,Fungus,GGGGGGGGGGGGGGGGGGGG
ID145,Bacteria,TTTTTTTTTTTTTTTTTTTT
ID146,Mammal,GACTACT
ID147,Reptile,GGGAAATTTCCC
ID148,Bird,AAGGTTCC
ID149,Fish,GACT
ID150,Amphibian,ACGTACGTTGCA
ID151,Insect,Gattacca
ID152,Plant,GACTAGCTAGCTAGCATGCTAGCTAGCTAGCTAGCATGCTAGCTAGCTAGCTAGCATGCTAGCTAGCTAGCTAGCAT
ID153,Fungus,GATTACA
ID154,Bacteria,AAGGTTCCGGTTAA
ID155,Mammal,GCGCGCGCGCGCGCGCGCGC
ID156,Reptile,ATATATATATATATATATATATATATATATATATATATATATATATATATATATATATATATATATATATATATATATATATATATATATATATAT
ID157,Bird,GGCCAATTGGCCAATT
ID158,Fish,AAGGTTCCGGTTAA
ID159,Amphibian,GACT
ID160,Insect,GGGAAATTTCCC
ID161,Plant,ACGT
ID162,Fungus,GGGGGGGGGGGGGGGGGGGGGGGGGGGGGGGGGGGGGGGGGGGGGGGGGGGGGG
ID163,Bacteria,AATTCCGG
ID164,Mammal,TTAATTAATTAA
ID165,Reptile,AGCTAGCTAGCT
ID166,Bird,GACTAGCTAGCTAGCATGCTAGCTAGCTAGCTAGCATGCTAGCTAGCTAGCTAGCATGCTAGCTAGCTAGCTAGCAT
ID167,Fish,GGGCCCTTT
ID168,Amphibian,AATTGGCC
ID169,Insect,GACT
ID170,Plant,GATTACA
ID171,Fungus,AAATTTGGGCCC
ID172,Bacteria,ACGT
ID173,Mammal,AAGGTTCCGGTTAA
ID174,Reptile,GGGTTTAAA
ID175,Bird,GCGGGCGCGGGCGCGGGCGCGGGCGCGGGCGCGGGCGCGGGCGCGGGCGCGGGCGCGGGCGCGGGCGCGGGCGCGGGCGCGGGCGCGGGCGCGGGC
ID176,Fish,ACGTACGTACGT
ID177,Amphibian,GGCCTTAAGGCCTT
ID178,Insect,TTTTTGGGGGGAAAAA
ID179,Plant,ACGACGACGACG
ID180,Fungus,AGAGAGAGAGAG
ID181,Bacteria,GGGGGGG
ID182,Mammal,AAAAATTTTTT
ID183,Reptile,GGGCCC
ID184,Bird,GATCCTAGATCCTA
ID185,Fish,GCTAGCTAGCTAGCTAGCTAGCTAGCTAGCTAGCTAGCTAGCTAGCTAGCTAGCTA
ID186,Amphibian,AAAAAAAAAAAAAAAAAAAA
ID187,Insect,CCCCCCCCCCCCCCCCCCCC
ID188,Plant,GGGGGGGGGGGGGGGGGGGG
ID189,Fungus,TTTTTTTTTTTTTTTTTTTT
ID190,Bacteria,GACTACT
ID191,Mammal,GGGAAATTTCCC
ID192,Reptile,AAGGTTCC
ID193,Bird,GACT
ID194,Fish,ACGTACGTTGCA
ID195,Amphibian,Gattacca
ID196,Insect,GACTAGCTAGCTAGCATGCTAGCTAGCTAGCTAGCATGCTAGCTAGCTAGCTAGCATGCTAGCTAGCTAGCTAGCAT
ID197,Plant,GATTACA
ID198,Fungus,AAGGTTCCGGTTAA
ID199,Bacteria,GCGCGCGCGCGCGCGCGCGC
ID200,Mammal,ATATATATATATATATATATATATATATATATATATATATATATATATATATATATATATATATATATATATATATATATATATATATATATATAT